{"cameraMode":{"drawMode":0,"name":"Shaded","section":"Shading Mode"},"sceneLighting":false,"audioPlay":false,"sceneViewState":{"m_AlwaysRefresh":false,"showFog":true,"showSkybox":false,"showFlares":true,"showImageEffects":true,"showParticleSystems":true,"showVisualEffectGraphs":true,"m_FxEnabled":true},"in2DMode":false,"pivot":{"x":-0.9338552951812744,"y":5.896501541137695,"z":4.000001907348633},"rotation":{"x":-0.13988202810287476,"y":-0.18425585329532624,"z":0.026405956596136094,"w":-0.9726876020431519},"size":10.809779167175293,"orthographic":false}