{"cameraMode":{"drawMode":0,"name":"Shaded","section":"Shading Mode"},"sceneLighting":false,"audioPlay":false,"sceneViewState":{"m_AlwaysRefresh":false,"showFog":true,"showSkybox":false,"showFlares":true,"showImageEffects":true,"showParticleSystems":true,"showVisualEffectGraphs":true,"m_FxEnabled":true},"in2DMode":false,"pivot":{"x":3.9699957370758058,"y":0.8448066711425781,"z":7.324283123016357},"rotation":{"x":-0.0045769368298351769,"y":0.9961889386177063,"z":-0.06912589073181153,"w":-0.057098522782325748},"size":1.1383841037750245,"orthographic":false}